Year,Name,College,POS,Height,Weight,HandSize,ArmLength,Wonderlic,FortyYard,BenchPress,VertLeap,BroadJump,Shuttle,ThreeCone,SixtyYdShuttle,Touches,RushAvg,RushTDPct,RecAvg,RecTDPct,Rookie AV
2002,Brian Westbrook,Villanova,RB,68.4,200,10.13,29.5,,4.59,26,37,118,,7.09,,0,,,,,34
2002,DeShaun Foster,UCLA,RB,73,222,,,,4.57,20,35.5,119,4.16,6.82,,754,4.4,0.056,9.4,0.069,20
2002,Chester Taylor,Toledo,RB,70.8,213,9.75,30.13,,4.64,22,33,111,,,,864,5.8,0.068,9.1,0.082,16
2002,Tony Fisher,Notre Dame,RB,74,226,,,,4.66,21,41.5,126,4.13,7,,417,4.8,0.039,12.1,0.152,15
2002,William Green,Boston Col.,RB,72.3,221,7.75,31.5,,4.65,27,42,121,,,,532,5.9,0.066,11.1,0.097,15
2002,Ladell Betts,Iowa,RB,70.5,220,9,30.5,,4.6,23,38,115,4.06,7.06,11.33,904,4.4,0.03,9.8,0.028,13
2002,Lamar Gordon,North Dakota St.,RB,72.6,214,9.5,31,,4.59,16,34,115,,,,0,,,,,9
2002,Maurice Morris,Oregon,RB,71.4,208,8.75,30.25,,4.51,23,36.5,117,,,,501,4.8,0.036,8.8,0.086,8
2002,Rock Cartwright,Kansas St.,RB,67.8,237,9,30.75,,4.48,30,35,113,4.25,7.18,11.79,132,5.1,0.063,9.3,0,7
2002,Maurice Hicks,North Carolina A&T,RB,70,200,8.5,31.5,,4.64,19,,,,,,0,,,,,5
2002,Adrian Peterson,Georgia Southern,RB,70,214,9.75,31.75,,4.69,14,34,117,4.6,7.59,12.08,0,,,,,4
2002,Ricky Williams,Texas Tech,RB,67.3,190,9.13,28.5,,4.48,19,32.5,108,,,,961,4.6,0.046,6.7,0.035,3
2002,Josh Scobey,Kansas St.,RB,71.4,218,9.25,31.25,,4.44,21,40.5,122,3.93,6.96,10.93,422,4.8,0.076,6.2,0,3
2002,Damien Anderson,Northwestern,RB,70.4,211,9.5,29,,4.6,27,33.5,112,4.02,6.93,11.37,1011,4.7,0.04,8.7,0,2
2002,Joe Burns,Georgia,RB,69,213,,,,4.81,21,31,105,,,,688,4.3,0.05,9.2,0.041,2
2002,Eric McCoo,Penn St.,RB,70,214,8.25,31.5,,4.55,14,32.5,111,,,,567,5.1,0.036,10.4,0.129,1
2002,Leonard Henry,East Carolina,RB,72.9,206,8.75,31.5,,4.61,26,35,105,4.29,7.11,12.22,573,6,0.056,7.9,0.056,1
2002,Dameon Hunter,Utah,RB,70.6,219,9.5,31.25,,4.66,,30.5,106,,,,353,5,0.029,9.4,0,0
2002,Dave Minnich,Washington St.,RB,71,218,8.75,30.25,,4.72,12,33.5,114,,,,384,4.4,0.028,8.3,0.074,0
2002,Delvon Flowers,Arizona St.,RB,72,207,9.75,32,,4.64,15,35.5,115,,,,278,5.8,0.06,11.5,0.1,0
2002,Demontray Carter,Troy,RB,70.1,194,7.25,31,,4.58,16,33,115,4.36,7.38,12.06,184,5,0.05,8.1,0.167,0
2002,Dicenzo Miller,Mississippi St.,RB,70.1,215,8.75,30.5,,4.98,8,31,105,4.39,7.25,11.77,453,5.4,0.042,14.9,0.143,0
2002,Ennis Haywood,Iowa St.,RB,70.1,218,9,31.13,,4.76,12,35,112,4.14,7.08,11.72,632,5,0.047,9.1,0,0
2002,Eric Crouch,Nebraska,RB,71.9,195,9.75,30.25,,4.49,,36,112,4.02,6.87,11.52,651,5.3,0.091,36.3,0.667,0
2002,Jonathan Adams,Arkansas St.,RB,73,219,,,,4.58,15,36.5,120,4.31,6.97,,698,4.5,0.025,9,0.033,0
2002,Leveron Williams,Indiana,RB,75.1,224,8.5,33.25,,4.66,16,,,,,,546,6.8,0.069,11.6,0.074,0
2002,Lew Thomas,Vanderbilt,RB,69.5,210,9.25,31,,4.59,17,36,113,4.21,6.87,11.52,222,5.4,0.031,9.3,0,0
2002,LittleJohn Flowers,Michigan St.,RB,71.4,214,9.75,31.5,,4.75,19,34,109,4.08,7.09,11.82,201,5.1,0.02,8.7,0.04,0
2002,Tellis Redmon,Minnesota,RB,71,210,,,,4.61,20,32,113,4.14,7.08,,488,5,0.029,9.1,0.045,0
2002,Brian Allen,Stanford,RB,69,209,,,,4.46,19,33,112,4.08,6.9,,505,4.4,0.027,9.8,0,0
2002,Larry Ned,San Diego St.,RB,70.8,219,9,30.75,,4.62,15,34.5,119,,7.12,,804,4.7,0.047,8.8,0,0
2002,Travis Stephens,Tennessee,RB,68.1,194,8.75,29.75,,4.59,15,32,121,,,,515,4.8,0.043,7.4,0.037,0
2003,Larry Johnson,Penn St.,RB,74.4,214,8.75,31.38,,4.55,19,,,,,,525,6.4,0.057,10.5,0.108,42
2003,Domanick Davis,LSU,RB,69,213,9,30,,4.64,22,32.5,112,4.46,7.31,11.86,496,4.5,0.044,9.6,0.024,34
2003,Onterrio Smith,Oregon,RB,69.9,220,9.75,29.25,,4.48,19,,,,,,476,5.3,0.051,6.7,0.115,14
2003,Quentin Griffin,Oklahoma,RB,67,195,9.25,30,,4.49,21,38,123,4.02,,10.94,865,5.3,0.062,8.2,0.039,6
2003,Justin Fargas,USC,RB,72.9,219,9.75,31,,4.41,27,,137,,,,265,4.2,0.031,11.8,0,5
2003,LaBrandon Toefield,LSU,RB,70.9,233,9.25,30,,4.6,19,,,,,,536,4.2,0.051,9.3,0.04,5
2003,Musa Smith,Georgia,RB,72.8,232,8,31.88,,4.45,,35.5,123,,,,481,4.9,0.042,6.9,0,3
2003,Earnest Graham,Florida,RB,69.1,225,9.5,31,,4.5,22,,,,,,668,5.1,0.054,6.8,0,1
2003,Avon Cobourne,West Virginia,RB,67.5,205,9.38,29.38,,4.7,21,31.5,112,4.12,7.2,11.69,1082,4.9,0.042,7.8,0,0
2003,Dahrran Diedrick,Nebraska,RB,72.1,228,9.75,30,,4.65,19,37,117,4.42,7.3,12.1,509,5.5,0.052,5,0,0
2003,Derek Watson,South Carolina,RB,73,212,,,,4.63,15,34,114,4.2,7.35,,495,4.8,0.037,8,0.034,0
2003,Dwone Hicks,Middle Tenn. St.,RB,69.6,222,9.5,30,,4.6,29,34,115,4.37,7.38,11.61,657,6,0.088,11.9,0.105,0
2003,Kerry Carter,Stanford,RB,73.9,238,9.25,32,,4.67,20,36,118,4.34,7.28,11.28,563,3.8,0.043,12.1,0.08,0
2003,Nick Maddox,Florida St.,RB,71,211,,,,4.65,18,33.5,115,4.5,7.33,,301,5.1,0.029,10.3,0.049,0
2003,Santonio Beard,Alabama,RB,71.6,222,9.25,31.25,,4.59,,31.5,119,,,,248,6,0.066,13.7,0,0
2003,Sultan McCullough,USC,RB,71.4,202,8.38,30.88,,4.49,27,,,,,,639,4.6,0.033,7.1,0.036,0
2003,Ahmaad Galloway,Alabama,RB,71.8,223,9,30.75,,4.65,22,,,,,,384,4.9,0.045,9.1,0,0
2004,Julius Jones,Notre Dame,RB,69.8,217,9.25,31.13,,4.46,,37.5,121,4.12,6.97,,662,4.8,0.041,8.9,0.036,31
2004,Kevin Jones,Virginia Tech,RB,72.1,227,8.63,30.88,,4.38,,38,120,,,,640,5.6,0.057,9.5,0,28
2004,Tatum Bell,Oklahoma St.,RB,71,212,8.38,31.88,,4.39,25,38.5,117,,,,670,5.4,0.054,7.2,0.056,21
2004,Mewelde Moore,Tulane,RB,70.6,209,9.88,30.13,,4.62,,35,118,4.12,7.05,11.52,1098,4.8,0.023,10.9,0.079,19
2004,Michael Turner,Northern Illinois,RB,70.5,237,9.63,29.38,,4.49,22,31,114,4.15,7.5,,983,5.3,0.046,10.5,0.07,13
2004,Jason Wright,Northwestern,RB,70.4,210,9.25,30,,4.66,,30,111,4.12,7.35,11.78,543,5.4,0.065,10.7,0.037,7
2004,Chris Perry,Michigan,RB,72,224,10.25,31.38,,4.55,19,,,,,,858,4.6,0.049,8.9,0.031,7
2004,Shaud Williams,Alabama,RB,67.5,193,9,28.38,,4.71,15,34,114,4.15,7.01,11.4,676,5.5,0.049,7.5,0.01,3
2004,Jarrett Payton,Miami (FL),RB,72.1,220,8.88,30.75,,4.61,,31,115,4.31,7.34,,327,5,0.033,8.1,0.036,1
2004,Joe Echemandu,California,RB,70.8,226,9.38,30.88,,4.58,15,,,,,,260,5,0.055,8.4,0,1
2004,Clarence Farmer,Arizona,RB,71.9,231,8.75,31.5,,4.69,21,34.5,120,4.25,7.44,11.96,547,4.9,0.036,8,0.077,0
2004,Derrick Knight,Boston Col.,RB,68.8,209,8.75,29,,4.73,16,31.5,108,,,,780,5.3,0.035,9.7,0.028,0
2004,Duron Croson,Fort Valley State (GA),RB,72.8,226,10.13,30.88,,4.84,14,30.5,108,,,,0,,,,,0
2004,Fred Russell,Iowa,RB,67,195,8.25,28.88,,4.51,21,34,121,4.3,7.09,11.2,531,5.3,0.033,5.6,0,0
2004,Josh Davis,Nebraska,RB,70.4,200,9.13,30.63,,4.53,13,33.5,112,4.07,7.27,11.16,186,4.8,0.023,5.6,0,0
2004,Ran Carthon,Florida,RB,71.4,224,9.63,29.5,,4.45,22,34.5,112,4.12,,,326,5,0.041,9.1,0.018,0
2004,Renaldo Works,Oklahoma,RB,72,222,9.63,31.13,,4.72,21,30.5,115,4.09,7.25,11.54,361,4.9,0.067,9,0.043,0
2004,Rich Alexis,Washington,RB,72,210,9.25,32.5,,4.65,,32,114,4.43,7.41,12.1,642,4.1,0.048,9.8,0,0
2004,Cedric Cobbs,Arkansas,RB,72.1,223,9.38,31.63,,4.72,,40,123,,,,615,5.1,0.044,5.3,0.038,0
2004,Quincy Wilson,West Virginia,RB,69.4,225,9.38,29.63,,4.6,26,33.5,118,4.36,7.68,11.93,499,5.5,0.042,5.9,0.04,0
2005,Frank Gore,Miami (FL),RB,69.375,217,,,,,,,,,,,371,5.7,0.049,9.8,0,39
2005,Marion Barber,Minnesota,RB,71.375,221,8.88,31.5,,4.53,20,40,122,,,,596,5.7,0.061,9,0,31
2005,Ronnie Brown,Auburn,RB,72.25,233,9.63,31.63,,4.46,18,34,117,4.08,7.1,,571,5.3,0.055,11.5,0.034,31
2005,Brandon Jacobs,Southern Illinois,RB,76.25,267,10.63,33.63,,4.56,19,37,118,4.46,7.53,11.98,73,6.2,0.042,34,0,24
2005,Ryan Grant,Notre Dame,RB,73.125,215,8.5,31.75,,4.5,17,33.5,115,4.12,7.08,10.65,586,4,0.032,5.5,0,17
2005,Carnell Williams,Auburn,RB,71,217,,,,4.43,19,35.5,118,4.17,6.95,,786,5.2,0.061,7.6,0.022,16
2005,Cedric Benson,Texas,RB,70.5,222,,,,,,,,,,,1181,5,0.058,9,0.043,14
2005,Darren Sproles,Kansas St.,RB,66.125,187,8.25,28.25,,4.49,23,33,102,3.96,6.96,11.13,881,6.1,0.055,9.2,0.03,13
2005,J.J. Arrington,California,RB,68.875,214,8.75,30.5,,4.45,18,35,116,4.1,6.81,11.07,438,6.6,0.051,7.1,0.071,12
2005,Vernand Morency,Oklahoma St.,RB,69.625,212,8.88,31.75,,4.51,19,33.5,108,4.12,7.02,,462,5.9,0.051,10.8,0.091,8
2005,Alvin Pearman,Virginia,RB,69.375,208,9.25,30.38,,4.65,24,34,112,4.08,7.06,11.11,638,4.8,0.038,10.1,0.058,5
2005,Cedric Houston,Tennessee,RB,70.75,225,,,,,,,,,,,540,5.3,0.034,9.5,0.026,5
2005,Noah Herron,Northwestern,RB,71,224,9.13,31.75,,4.67,17,31,107,3.97,6.95,11.07,534,5.5,0.056,10.8,0.028,3
2005,Ryan Moats,Louisiana Tech,RB,68.25,210,8.88,31.5,,4.49,19,36,116,4.1,7.22,11.13,547,6.2,0.056,9.2,0.042,3
2005,Ciatrick Fason,Florida,RB,72.75,207,,,,,,,,,,,361,6,0.044,8.9,0.109,1
2005,Alex Haynes,Central Florida,RB,69.875,223,10.25,31.63,,4.54,21,32.5,,,,,830,4.5,0.036,7.5,0.011,0
2005,Bobby Purify,Colorado,RB,72.375,212,,,,4.67,15,33.5,116,4.17,7.22,,673,5,0.032,9.8,0.018,0
2005,DeCori Birmingham,Arkansas,RB,69.75,210,9,30.38,,4.59,14,34.5,115,4.28,7.13,11.75,290,4.9,0.03,10.4,0.105,0
2005,Kay-Jay Harris,West Virginia,RB,72.375,241,10,31.63,,4.6,,38,119,4.1,7.2,11.65,281,5.8,0.055,11.7,0.12,0
2005,Nehemiah Broughton,The Citadel,RB,71.5,250,9.75,32.38,,4.61,25,30,108,4.28,7.54,11.91,0,,,,,0
2005,Ray Hudson,Alabama,RB,69.75,192,9.13,29.63,,4.5,15,,,,,,308,5.9,0.025,11.1,0.1,0
2005,T.A. McLendon,North Carolina St.,RB,70.25,235,8.63,31.88,,4.74,27,35,115,4.19,7.34,,635,4.6,0.061,9.2,0.032,0
2005,Anthony Davis,Wisconsin,RB,66.625,200,8.63,29.75,,4.53,18,38,119,,7.39,,930,5.1,0.046,9,0,0
2005,DeAndra Cobb,Michigan St.,RB,69.75,196,8.88,31.25,,4.53,17,34,118,4.25,7.13,11.72,149,6.7,0.03,5.9,0,0
2005,Eric Shelton,Louisville,RB,73.5,246,9.5,33.63,,4.57,,38.5,122,4.08,7.46,,348,5.4,0.088,7.7,0,0
2005,Lionel Gates,Louisville,RB,71.625,222,10.13,31.13,,4.72,23,36,118,4.1,7.17,,359,4.7,0.063,11.7,0.05,0
2005,Maurice Clarett,Ohio St.,RB,71.63,234,9.5,30.75,,4.84,22,34,113,,,,234,5.6,0.072,8.7,0.167,0
2006,Maurice Jones-Drew,UCLA,RB,66.75,207,8.25,28.13,,4.39,18,36,116,4.38,7.08,11.39,545,5.2,0.054,12.8,0.109,49
2006,Joseph Addai,LSU,RB,71.25,214,9.5,31.38,,4.43,18,37,125,4.47,7.09,,556,5.3,0.037,9.7,0.091,46
2006,Reggie Bush,USC,RB,70.875,201,,,,,,,,,,,528,7.3,0.058,13.7,0.137,36
2006,DeAngelo Williams,Memphis,RB,69,214,9.38,30.5,,4.49,25,35.5,121,,,,1039,6.2,0.057,10.3,0.071,34
2006,Leon Washington,Florida St.,RB,67.88,201,9,29,,4.49,17,32.5,105,4.37,6.94,11.62,424,5.5,0.033,8.7,0.018,25
2006,Jerious Norwood,Mississippi St.,RB,71.625,210,9.88,31.25,,4.4,15,36.5,122,4.25,6.81,11.52,616,5.6,0.026,4.3,0.047,21
2006,LenDale White,USC,RB,72.375,238,,,,,,,,,,,572,5.8,0.096,10.7,0.161,15
2006,Mike Bell,Arizona,RB,72.25,221,9.25,30,,4.62,19,31.5,112,4.21,7.16,11.48,735,4.6,0.025,8.3,0.018,11
2006,Jerome Harrison,Washington St.,RB,69.25,201,9.25,30,,4.49,19,34.5,124,4.07,6.77,,516,5.8,0.052,8.1,0.029,11
2006,Wali Lundy,Virginia,RB,71,214,9.5,31.5,,4.52,18,35,111,4.36,6.99,11.27,856,4.3,0.058,7.9,0.079,5
2006,Andre Hall,South Florida,RB,68.5,208,9.88,29.5,,4.45,18,33,113,,7.38,,524,5.7,0.05,10.7,0.068,3
2006,Quinton Ganther,Utah,RB,69.5,218,8.63,28.38,,4.56,29,35,119,,7.19,,346,5.6,0.029,11.3,0.063,3
2006,Marques Hagans,Virginia,RB,69.375,202,9.25,30,,4.64,,35,114,4.38,7.03,,269,3.8,0.046,9.1,0,1
2006,Brian Calhoun,Wisconsin,RB,69.25,201,9,29.13,,4.6,18,31.5,124,4.2,7.05,,709,4.5,0.044,10.1,0.044,1
2006,A.J. Harris,Northern Illinois,RB,72.625,231,,,,,,,,,,,373,4.7,0.035,6.4,0,0
2006,Chris Barclay,Wake Forest,RB,68.75,180,,,,,,,,,,,902,4.8,0.048,6.1,0,0
2006,Cory Ross,Nebraska,RB,66.25,201,9,29.38,,4.59,15,,,,,,668,4.6,0.028,10.3,0.07,0
2006,DeArrius Howard,Arkansas,RB,70.625,229,,,,,,,,,,,414,4.2,0.051,-1,0,0
2006,Derrick Ross,Tarleton State,RB,70.5,226,,,,4.53,20,35,112,4.35,7,,0,,,,,0
2006,DonTrell Moore,New Mexico,RB,69.75,210,9.38,30.5,,4.65,18,32,116,4.32,7.1,12.07,1103,4.9,0.05,9.5,0.09,0
2006,Gerald Riggs,Michigan St.,RB,70.875,232,,,,,,,,,,,0,,,,,0
2006,Ryan Gilbert,Houston,RB,69.625,228,,,,,,,,,,,291,5.4,0.047,11.2,0.081,0
2006,Taurean Henderson,Texas Tech,RB,69.5,204,9.25,31.5,,4.68,,32.5,112,4.4,7.01,11.94,890,5.5,0.085,6.8,0.063,0
2006,Terrence Whitehead,Oregon,RB,70.125,209,10,29,,4.73,,30.5,108,4.27,7.21,11.86,745,4.6,0.029,9.2,0.06,0
2006,Travis Glasford,West. Illinois,RB,68.875,190,,,,,,,,,,,0,,,,,0
2006,Wendell Mathis,Fresno St.,RB,71.375,210,9.25,31,,4.54,20,33,117,4.22,6.93,11.27,435,5.7,0.066,9.3,0.043,0
2006,Cedric Humes,Virginia Tech,RB,72.875,227,9.88,31.75,,4.68,18,30.5,106,4.22,7.07,,402,4.8,0.056,7.7,0,0
2006,P.J. Daniels,Georgia Tech,RB,70.13,214,9,30.5,,4.66,21,33,116,4.4,7.13,11.76,763,4.7,0.033,6.6,0.054,0
2007,Adrian Peterson,Oklahoma,RB,73.5,217,9.25,33.75,16,4.41,,38.5,127,4.4,7.09,,772,5.4,0.055,8.3,0.042,50
2007,Marshawn Lynch,California,RB,71.125,215,9.25,31.13,,4.48,20,35.5,125,4.55,7.05,11.8,558,6.6,0.059,8.8,0.088,27
2007,Ahmad Bradshaw,Marshall,RB,69.5,198,8.5,31.5,,4.61,,34,112,4.09,6.7,,645,5.3,0.056,8,0.057,21
2007,Brandon Jackson,Nebraska,RB,69.875,210,10.13,31.38,,4.56,21,37,122,4.14,7,11.86,325,4.9,0.048,9.4,0.059,17
2007,Selvin Young,Texas,RB,71,207,,,,,,,,,,,402,4.7,0.068,5.8,0.027,9
2007,Brian Leonard,Rutgers,RB,73.5,226,9.13,31,,4.54,28,34.5,122,4.22,6.88,11.59,885,4.1,0.047,9,0.063,6
2007,Kenneth Darby,Alabama,RB,70.375,211,9,30.5,,4.76,19,30,108,4.53,7.25,12.07,772,4.7,0.016,4.9,0.029,4
2007,Kolby Smith,Louisville,RB,71.25,220,9.63,33.75,,4.52,18,38,114,4.34,7.22,12.08,372,5.9,0.057,10.4,0.036,4
2007,Darius Walker,Notre Dame,RB,70,206,9.63,31.75,,4.56,19,40.5,123,4.39,7.18,,802,4.7,0.033,7.5,0.028,3
2007,Antonio Pittman,Ohio St.,RB,70.75,207,8.5,31.5,,4.42,16,35.5,123,4.16,6.84,,594,5.3,0.039,8.5,0,3
2007,DeShawn Wynn,Florida,RB,70.38,232,8.75,30.5,,4.49,,31.5,115,,,,481,4.7,0.056,10.7,0.086,3
2007,Lorenzo Booker,Florida St.,RB,70.38,191,9,31.75,,4.5,26,35.5,121,,,,611,4.8,0.03,8.7,0.018,3
2007,Garrett Wolfe,Northern Illinois,RB,67.5,186,9.13,30.13,,4.4,22,35.5,116,4.08,6.69,,865,6.4,0.064,10.1,0.086,2
2007,Eldra Buckley,Tenn-Chattanooga,RB,69.5,202,9,30.38,,4.61,14,35.5,120,4.43,7.71,12.2,0,,,,,1
2007,Gary Russell,Minnesota,RB,70.375,229,9,31.5,,4.84,9,31.5,113,4.54,,,226,6.1,0.086,10.5,0.063,1
2007,Chris Henry,Arizona,RB,71.25,230,10.25,31.25,,4.41,26,36,127,4.14,6.96,11.51,295,3.3,0.033,7.9,0.038,1
2007,Dwayne Wright,Fresno St.,RB,71.5,228,9.5,31.25,,4.69,14,34,115,4.43,7.23,,552,5.4,0.032,8.4,0.039,1
2007,Alonzo Coleman,Hampton,RB,69.875,207,10,30.5,,4.5,27,,120,,,,0,,,,,0
2007,D.J. Ware,Illinois,RB,72,225,,,,,21,,,,,,0,,,,,0
2007,Jon Cornish,Kansas,RB,71.5,206,9.75,33,,4.65,,34,118,,7.09,,427,5.8,0.044,8.6,0.075,0
2007,Ramonce Taylor,Texas,RB,70.125,195,,,,4.5,,34,125,4.23,6.98,,134,7.7,0.125,11,0.1,0
2007,Ronnie McGill,North Carolina,RB,70.875,213,,,,,22,,,,,,568,4.5,0.045,8.2,0.051,0
2007,Tyrone Moss,Miami (FL),RB,69.13,231,9.5,31.13,,4.8,16,31,107,4.56,,,420,4.7,0.063,5.6,0,0
2007,Kenny Irons,Auburn,RB,70.625,203,9.38,32.38,,4.5,11,29.5,111,4.17,7.18,11.67,550,4.7,0.035,10.4,0.033,0
2007,Nate Ilaoa,Hawaii,RB,68.875,245,9.13,29.63,,4.79,25,30,103,4.42,7.1,11.78,373,7.6,0.09,11.2,0.06,0
2007,Thomas Clayton,Kansas St.,RB,70.25,218,9.75,32.38,,4.66,23,36.5,121,,,,254,4.6,0.03,5.7,0.045,0
2008,Ray Rice,Rutgers,RB,68,199,9.25,30.25,,4.46,23,31.5,119,4.2,6.65,,947,5.4,0.054,9,0.027,53
2008,Chris Johnson,East Carolina,RB,71,197,8.5,30.75,10,4.3,,35,130,,,,749,4.8,0.051,10.4,0.08,52
2008,Matt Forte',Tulane,RB,73.375,217,,,,4.44,23,33,118,4.23,6.84,,936,5.1,0.047,9.6,0.049,43
2008,Jamaal Charles,Texas,RB,71,200,8.75,32.13,,4.41,,30.5,122,4.22,6.8,,582,6.2,0.068,11,0.061,30
2008,Jonathan Stewart,Oregon,RB,70.25,235,9.13,31.5,,4.48,28,36.5,128,4.53,7.44,,565,5.6,0.052,6.8,0.082,29
2008,Darren McFadden,Arkansas,RB,73.25,211,9.5,34.25,,4.38,,33,128,,,,831,5.8,0.052,7.9,0.043,26
2008,Rashard Mendenhall,Illinois,RB,70.125,225,10.88,31.38,,4.45,26,33.5,117,4.18,,,447,6.5,0.057,9.6,0.085,26
2008,Felix Jones,Arkansas,RB,70.125,207,8.38,32.38,,4.5,,33.5,124,4.19,6.9,,425,7.7,0.052,9.8,0.077,23
2008,BenJarvus Green-Ellis,Mississippi,RB,70.63,219,9,30.38,,4.66,24,30.5,114,,,,959,4.2,0.027,8.1,0.026,22
2008,Steve Slaton,West Virginia,RB,69.125,197,8.75,32.25,,4.49,19,33.5,118,,,,729,5.9,0.075,12.4,0.077,20
2008,Kevin Smith,Central Florida,RB,73.125,217,9.75,32.25,,4.56,,32,120,4.49,6.74,,960,5.2,0.05,8.1,0.018,19
2008,Justin Forsett,California,RB,68,194,,,,,26,26.5,112,,6.96,,608,5.7,0.046,9.4,0.024,13
2008,Tashard Choice,Georgia Tech,RB,70.5,215,9.25,30.75,,4.5,20,34,119,,6.88,,738,5,0.04,7,0,12
2008,Ryan Torain,Arizona St.,RB,72.375,222,10,32.75,,4.68,21,34,120,,,,358,5.4,0.036,12.2,0.2,5
2008,Chad Simpson,Morgan St.,RB,68.625,216,9.25,30.5,,4.43,,32.5,124,,,,17,5.1,0,0,,3
2008,Kregg Lumpkin,Georgia,RB,71.5,226,9.13,31.38,,4.73,22,28,111,,,,390,4.8,0.043,6.2,0.053,3
2008,Mike Hart,Michigan,RB,68.875,206,9.13,29.5,,4.77,23,28,110,,,,1082,5,0.04,8.4,0.03,3
2008,Dantrell Savage,Oklahoma St.,RB,68.25,187,8.13,31,,4.6,13,32.5,117,,,,384,6,0.049,8.8,0.057,1
2008,Anthony Alridge,Houston,RB,69,170,9,30.38,,4.41,,30.5,134,,6.88,,437,7.1,0.061,13.5,0.122,0
2008,Calvin Dawson,La-Monroe,RB,68.5,199,,,,,,,,,,,735,5.1,0.045,8.1,0,0
2008,Kalvin McRae,Ohio,RB,69.125,203,9.75,30.88,,4.76,,25.5,109,,,,987,4.9,0.05,9.8,0.048,0
2008,Rafael Little,Kentucky,RB,68.75,194,,,,,8,,,,,,711,5.2,0.028,10.1,0.031,0
2008,Yvenson Bernard,Oregon St.,RB,68.375,204,9.75,29.25,,4.87,,29.5,112,4.73,7.22,12.18,994,4.4,0.043,6.7,0.025,0
2008,Allen Patrick,Oklahoma,RB,72.75,198,,,,,,,,,,,381,5.2,0.038,4.6,0.071,0
2008,Chauncey Washington,USC,RB,71.375,211,,,,,,,,,,,388,4.8,0.051,9.3,0.118,0
2008,Cory Boyd,South Carolina,RB,72.5,213,9.38,31.5,,4.56,25,33.5,118,4.24,6.97,12.08,581,4.9,0.05,11.1,0.043,0
2008,Jalen Parmele,Toledo,RB,71.5,224,8.88,32.25,,4.55,19,34,125,4.29,6.96,,630,5.3,0.048,8.5,0.024,0
2008,Marcus Thomas,Texas-El Paso,RB,72.25,213,8.38,32.63,,4.62,21,30,116,,,,663,4.6,0.046,10.2,0.064,0
2008,Thomas Brown,Georgia,RB,68.38,204,10,31,,4.56,25,36,128,,7.17,,568,5,0.043,9.5,0.051,0
2008,Xavier Omon,NW Missouri St.,RB,70.75,228,9.38,31.75,,4.62,17,31,112,,,,0,,,,,0
2009,Arian Foster,Tennessee,RB,72.75,226,,,,4.68,23,,,,,,733,4.6,0.035,8.9,0.024,46
2009,LeSean McCoy,Pittsburgh,RB,70.375,198,,,,,,,,,,,649,4.8,0.06,8.4,0.015,39
2009,Knowshon Moreno,Georgia,RB,70.625,217,,,,4.5,25,35.5,115,4.27,6.84,,551,5.5,0.06,12.2,0.038,21
2009,Shonn Greene,Iowa,RB,70.5,227,,,,4.62,19,37,121,4.4,7.1,,387,5.9,0.059,6.5,0,21
2009,Donald Brown,Connecticut,RB,70.25,210,,,,4.46,,41.5,125,4.1,6.93,11.3,746,5.4,0.047,5.8,0.042,17
2009,Chris Wells,Ohio St.,RB,73,235,,,,4.52,25,33.5,128,,,,600,5.8,0.051,5.6,0,15
2009,LaRod Stephens-Howling,Pittsburgh,RB,66.5,180,,,,,,,,,,,481,4.6,0.035,8.7,0.019,10
2009,Mike Davis,South Carolina,RB,69.125,202,,,,,,,,,,,596,4.3,0.036,9.1,0.027,10
2009,Rashad Jennings,Liberty,RB,73,231,,,,4.59,29,34,120,4.2,6.86,11.46,91,4.8,0.012,7,0,10
2009,Bernard Scott,Abilene Christian,RB,70.25,200,,,,4.44,21,36,125,4.08,6.82,,0,,,,,9
2009,Mike Goodson,Texas A&M,RB,71.875,208,,,,4.46,14,39.5,118,4.22,6.89,,464,5.3,0.035,9.6,0.078,7
2009,Kahlil Bell,UCLA,RB,70.75,212,,,,4.74,15,34.5,114,4.2,6.87,,424,4.4,0.043,6.8,0.034,5
2009,Chris Ogbonnaya,Texas,RB,71.75,220,,,,4.57,19,35,111,4.29,6.85,,215,4.3,0.057,10.6,0.04,5
2009,Andre Brown,North Carolina St.,RB,72.125,224,,,,4.37,24,37,115,4.33,7.35,,593,4.9,0.042,9,0.029,4
2009,Javon Ringer,Michigan St.,RB,69.125,205,,,,4.55,23,34,115,4.11,6.87,,939,5.2,0.04,7.5,0.01,4
2009,Cedric Peerman,Virginia,RB,69.5,216,,,,4.34,27,40,117,4.29,6.99,,448,4.6,0.039,5.2,0.015,3
2009,Tyrell Sutton,Northwestern,RB,68,211,,,,4.68,,33,114,4.32,6.94,,880,5.3,0.042,8.3,0.04,2
2009,Aaron Brown,TCU,RB,72.5,200,,,,,,,,,,,568,5.3,0.041,10.6,0.062,2
2009,Glen Coffee,Alabama,RB,72.125,209,,,,4.5,24,36,121,4.51,7.35,,452,5.1,0.034,8.4,0.048,2
2009,Jeremiah Johnson,Oregon,RB,68.875,209,,,,4.62,20,35,115,,,,385,6.7,0.086,8.4,0.028,1
2009,James Davis,Clemson,RB,71,218,,,,4.55,17,32,109,4.37,7.15,,804,5.2,0.062,8.6,0.039,1
2009,Anthony Kimble,Stanford,RB,72.25,216,,,,4.6,17,36,122,4.4,7.08,,475,4.7,0.043,8.1,0.05,0
2009,Branden Ore,West Liberty (WV),RB,70.875,214,,,,4.61,21,36,112,4.44,7.35,,660,4.5,0.05,9.3,0.047,0
2009,Devin Moore,Wyoming,RB,69.625,187,,,,,,,,,,,618,5.4,0.027,5.8,0.015,0
2009,Ian Johnson,Boise St.,RB,71.25,212,,,,4.41,26,33,116,4.18,6.93,11.63,813,5.6,0.077,10.7,0.017,0
2009,Kory Sheets,Purdue,RB,71.125,208,,,,4.39,15,37,121,4.39,7.18,11.7,772,5,0.072,7.5,0.046,0
2009,Marlon Lucky,Nebraska,RB,71.375,216,,,,4.5,18,33.5,114,,7.1,,650,4.6,0.043,10.2,0.03,0
2009,P.J. Hill,Wisconsin,RB,70.25,222,,,,,,,,,,,809,5.1,0.055,9.2,0.051,0
2009,Gartrell Johnson,Colorado St.,RB,70.25,219,,,,4.75,20,34,114,,,,517,5.2,0.038,8.8,0.044,0
2009,Javarris Williams,Tennessee St.,RB,69.5,223,,,,4.51,25,33.5,116,,,,0,,,,,0
2010,Ryan Mathews,Fresno St.,RB,71.625,218,,,16,4.37,19,36,121,4.33,7,,553,6.1,0.073,14.1,0.105,36
2010,C.J. Spiller,Clemson,RB,70.625,196,,,10,4.27,18,,,,,,729,5.9,0.053,11.5,0.089,30
2010,LeGarrette Blount,Oregon,RB,72.5,241,10,33.5,16,4.7,18,35,117,4.49,6.85,,163,6.8,0.119,3.8,0,18
2010,James Starks,Buffalo,RB,74.125,218,,,,4.5,15,36,119,4.23,6.89,,825,4.5,0.049,7.1,0.024,15
2010,Joique Bell,Wayne State (MI),RB,71.25,220,9,31.5,,4.68,,36.5,120,4.17,6.84,11.33,0,,,,,14
2010,Toby Gerhart,Stanford,RB,72,231,,,,4.5,22,38,118,4.25,6.94,,710,5.2,0.066,10.1,0,14
2010,Ben Tate,Auburn,RB,71,220,9,31.25,,4.34,26,40.5,124,4.12,6.91,,731,4.9,0.035,6.3,0,13
2010,Jahvid Best,California,RB,70.125,199,,,24,4.34,18,32.5,113,4.17,6.75,,426,7.3,0.08,8.6,0.097,13
2010,Jonathan Dwyer,Georgia Tech,RB,71.25,229,8.63,31,17,4.64,15,33,107,4.67,7.56,,532,6.2,0.068,17.5,0.067,8
2010,Joe McKnight,USC,RB,71.375,198,,,,4.4,18,36.5,120,,,,413,6.4,0.037,8.2,0.03,6
2010,Keiland Williams,LSU,RB,70.875,233,,,,,,,,,,,327,5.7,0.057,9.8,0.071,5
2010,Anthony Dixon,Mississippi St.,RB,72.75,233,,,25,4.67,15,33,121,4.49,7.09,,966,4.4,0.046,8,0.071,4
2010,Deji Karim,Southern Illinois,RB,68.625,209,,,,,,,,,,,0,,,,,4
2010,Montario Hardesty,Tennessee,RB,71.75,225,,,25,4.49,21,41,124,4.14,6.87,,598,4.3,0.046,10.7,0.026,4
2010,Keith Toston,Oklahoma St.,RB,71.75,213,9.25,32.75,,4.66,22,32,110,4.67,,,524,5.8,0.057,9.9,0.059,2
2010,Javarris James,Miami (FL),RB,72.25,215,,,,4.58,21,36,115,,,,560,4.3,0.036,9.1,0.018,1
2010,Andre Dixon,Connecticut,RB,72.75,205,10.13,32.25,,4.56,,40,117,4.19,6.99,11.55,452,4.7,0.041,10.8,0.054,0
2010,Brandon James,Florida,RB,66.375,186,8.75,29.75,,4.47,14,,,,,,104,5,0.033,8.8,0.047,0
2010,Brandon Minor,Michigan,RB,72,214,,,,,,,,,,,341,5,0.06,7,0.2,0
2010,Chris Brown,Oklahoma,RB,70.375,210,9.13,29,,4.55,17,36,115,,,,671,4.7,0.067,7.3,0.068,0
2010,Darius Marshall,Marshall,RB,69.25,190,9,30.75,,4.59,14,35.5,109,4.39,,,616,5,0.033,5.8,0,0
2010,Lonyae Miller,Fresno St.,RB,71.5,221,8.88,30.75,,4.43,26,36.5,120,4.54,7.2,,388,5.5,0.053,6.5,0,0
2010,Pat Paschall,North Dakota St.,RB,71.625,209,9.25,32.63,25,4.65,15,38.5,118,4.33,7.02,11.39,0,,,,,0
2010,Shawnbrey McNeal,SMU,RB,69.125,194,9.38,30.5,,4.53,14,36,117,,,,300,5,0.056,9.1,0.065,0
2010,Stafon Johnson,USC,RB,70.875,214,8.75,30.38,,4.62,13,35.5,118,,,,283,5.7,0.07,5.4,0,0
2010,Charles Scott,LSU,RB,71.375,238,9.5,33,26,4.68,,30.5,111,4.47,6.98,,455,5.5,0.075,8.4,0.097,0
2011,DeMarco Murray,Oklahoma,RB,71.625,213,9.25,32,,4.37,21,34.5,130,4.18,7.28,,916,4.9,0.066,10,0.083,45
2011,Stevan Ridley,LSU,RB,71.25,225,9.25,31.88,,4.65,18,36,118,4.21,6.78,,323,4.6,0.062,5.5,0,24
2011,Mark Ingram,Alabama,RB,69.125,215,9.5,30.75,,4.62,21,31.5,113,4.62,7.13,,632,5.7,0.073,11.2,0.067,19
2011,Jacquizz Rodgers,Oregon St.,RB,65.875,196,8.88,30.5,,4.59,,33,113,4.26,7.31,,939,4.9,0.058,7,0.033,18
2011,Shane Vereen,California,RB,70.25,210,9,30.63,,4.49,31,34,115,4.28,6.95,11.58,630,5.1,0.052,9.1,0.081,17
2011,Roy Helu,Nebraska,RB,71.5,219,10.25,31.38,,4.4,11,36.5,119,4.01,6.67,11.07,632,5.9,0.048,9.3,0,13
2011,Daniel Thomas,Kansas St.,RB,72.25,230,9,32.38,,4.63,21,,,,,,597,5.2,0.055,8.2,0,12
2011,Kendall Hunter,Oklahoma St.,RB,67.25,199,8.75,31,,4.46,24,35,122,4.21,6.74,11.19,771,5.9,0.052,8.2,0.032,12
2011,Bilal Powell,Louisville,RB,70.5,207,8.75,30.88,,4.52,18,,,,,,481,5.4,0.044,7.6,0.067,9
2011,Matt Asiata,Utah,RB,71,229,9.5,30.13,,4.77,22,30,104,4.37,7.09,11.96,433,4.6,0.063,7.3,0.037,7
2011,Alex Green,Hawaii,RB,72.25,225,9.13,32,,4.45,20,34,114,4.15,6.91,,270,7.1,0.086,12.1,0.053,5
2011,Mikel Leshoure,Illinois,RB,71.625,227,9.5,32.63,,4.56,21,38,122,4.4,6.82,,461,6,0.054,11.9,0.135,5
2011,Evan Royster,Penn St.,RB,71.625,212,9.25,30.75,,4.65,20,34,113,4.18,7.07,,747,5.7,0.042,9.2,0.049,4
2011,Jordan Todman,Connecticut,RB,68.875,203,9.38,32,,4.4,25,38,126,4.18,7.24,11.25,658,5.2,0.05,6.7,0,4
2011,Shaun Draughn,North Carolina,RB,70.875,213,10,31,,4.73,21,34,118,4.2,7.15,,501,4.6,0.022,5.4,0.02,2
2011,Dion Lewis,Pittsburgh,RB,66.625,193,8.75,28.13,,4.56,17,34.5,112,4.18,6.9,11.39,596,5.3,0.055,7.8,0.019,2
2011,Taiwan Jones,East. Washington,RB,71.625,194,8.75,29.5,,4.53,13,32,115,4.33,7.25,,0,,,,,2
2011,Armando Allen,Notre Dame,RB,68.25,199,8.75,30.25,,4.52,23,,,,,,588,4.6,0.017,7,0.025,1
2011,Brandon Saine,Ohio St.,RB,71.25,220,9.25,30.63,,4.4,22,34.5,113,4.25,6.98,,356,4.7,0.03,11.2,0.145,1
2011,Allen Bradford,USC,RB,70.875,242,9.38,32.13,,4.53,28,29,113,4.39,6.97,,281,5.9,0.06,12.6,0.286,1
2011,Anthony Allen,Georgia Tech,RB,72.75,228,9.63,30.38,,4.56,24,41.5,120,4.06,6.79,11.46,579,5.6,0.06,12.2,0.152,1
2011,Baron Batch,Texas Tech,RB,69.625,207,,,,,,,,,,,607,5.4,0.058,7.9,0.036,1
2011,Da'Rel Scott,Maryland,RB,71,211,9,32.5,,4.4,19,34,117,4.2,7.15,11.51,478,5.6,0.04,10.6,0.083,1
2011,Ryan Williams,Virginia Tech,RB,69.375,212,9,30.75,,4.59,19,40,123,4.18,6.96,11.4,429,5.3,0.074,11.1,0.077,1
2011,Damien Berry,Miami (FL),RB,70.25,211,9.38,32.25,,4.58,23,33.5,120,4.12,7,,298,5.4,0.046,11,0.067,0
2011,Darren Evans,Virginia Tech,RB,72,227,9.75,31.75,,4.56,26,35,111,4.46,6.96,11.78,464,4.8,0.05,8.3,0,0
2011,Derrick Locke,Kentucky,RB,68.25,188,9,28.88,,4.37,16,37.5,118,4.15,6.98,,613,5.1,0.042,9.3,0.032,0
2011,Graig Cooper,Miami (FL),RB,70,205,9.5,31.75,,4.6,18,,114,4.03,6.66,,531,5.1,0.028,6.1,0.045,0
2011,John Clay,Wisconsin,RB,72.5,230,8.75,31,,4.83,,29,111,,,,640,5.4,0.065,6.5,0,0
2011,Jonathan Williams,East Carolina,RB,71.5,212,,,,,,,,,,,326,5.3,0.06,7.6,0.016,0
2011,Mario Fannin,Auburn,RB,70.375,231,9.5,30.75,,4.37,21,37.5,115,4.21,6.99,,330,5.9,0.047,10.2,0.093,0
2011,Noel Devine,West Virginia,RB,67.5,179,8.63,29.25,,4.34,24,,,,,,826,5.9,0.04,7.2,0.02,0
2011,Vai Taua,Nevada,RB,69.5,213,9.25,31.13,,4.65,20,34.5,112,4.18,6.89,,772,6.5,0.063,9.4,0.131,0
2011,Jamie Harper,Clemson,RB,71.375,233,8.88,30.38,,4.53,24,36.5,120,4.39,7.16,,361,4.2,0.039,8,0.06,0
2011,Jay Finley,Baylor,RB,70.875,203,,,,,,,,,,,518,5.6,0.046,10.4,0.075,0
2011,Johnny White,North Carolina,RB,69.875,209,9.13,30,,4.5,,32.5,117,4.31,7.07,11.62,293,5.1,0.033,10.9,0.021,0
2012,Doug Martin,Boise St.,RB,69.25,223,9,30.5,,4.46,28,36,120,4.16,6.79,11.29,684,5.6,0.07,10.7,0.06,31
2012,Alfred Morris,Florida Atlantic,RB,69.875,219,10.25,31.38,,4.63,16,35.5,117,4.19,7.01,11.86,763,4.8,0.037,10,0.133,30
2012,Lamar Miller,Miami (FL),RB,70.75,212,9.25,31.38,,4.34,,33,,,,,363,5.7,0.045,6.5,0.036,25
2012,Trent Richardson,Alabama,RB,69.25,228,9.5,30.25,,4.49,,,,,,,608,5.8,0.065,10.7,0.103,18
2012,Ronnie Hillman,San Diego St.,RB,68.75,200,8.5,30,,4.42,17,37,,,,,606,5.7,0.063,10.2,0.061,16
2012,Robert Turbin,Utah St.,RB,70,222,9.75,31,,4.42,28,36,122,4.31,7.16,,632,5.9,0.071,12.6,0.164,13
2012,Bernard Pierce,Temple,RB,72.25,218,9.25,31.5,,4.45,17,36.5,123,4.28,7.07,,682,5.4,0.08,9.4,0.053,10
2012,Bryce Brown,Kansas St.,RB,71.5,223,,,,,,,,,,,115,4.6,0.029,12.7,0.091,10
2012,Brandon Bolden,Mississippi,RB,70.875,222,10,32.25,,4.55,21,38,119,4.44,6.96,,562,5.3,0.056,10.6,0.079,9
2012,Daryl Richardson,Abilene Christian,RB,70.375,192,,,,4.47,,,,,,,0,,,,,7
2012,Chris Polk,Washington,RB,70.5,215,9.75,31.5,,4.52,,31.5,111,4.21,7.13,,878,5.1,0.033,8.6,0.051,6
2012,Dan Herron,Ohio St.,RB,69.75,213,9,32,,4.57,22,35,117,4.04,6.97,11.6,636,4.8,0.054,7,0.023,5
2012,David Wilson,Virginia Tech,RB,69.625,206,9.38,30.25,,4.38,,41,132,4.12,7.09,11.59,499,5.8,0.039,9.8,0.135,5
2012,Vick Ballard,Mississippi St.,RB,70.25,219,9.5,31.75,,4.59,23,33,115,4.19,7.03,,409,5.7,0.077,9.8,0.067,5
2012,Foswhitt Whittaker,Texas,RB,69,193,9.25,,,4.49,20,,,,,,336,4.7,0.046,6.4,0.014,4
2012,Jonas Gray,Notre Dame,RB,69.75,223,10,31.38,,4.58,20,,,,,,200,5.8,0.063,9.5,0,4
2012,LaMichael James,Oregon,RB,68,194,9,30.25,,4.35,15,35,123,4.12,6.88,,822,6.6,0.069,11.5,0.078,2
2012,Chris Rainey,Florida,RB,68.375,180,9.5,30.75,,4.36,16,36.5,120,3.93,6.5,11.06,465,6.2,0.033,11.5,0.087,1
2012,Cyrus Gray,Texas A&M,RB,70.375,206,9.13,29.5,,4.4,21,32.5,114,,7.17,,735,5.2,0.047,7.5,0.058,1
2012,Edwin Baker,Michigan St.,RB,68,204,8.13,29.63,,4.44,20,35,111,4.31,7.27,,477,5,0.041,8.3,0.067,1
2012,Isaiah Pead,Cincinnati,RB,70.125,197,8.63,31,,4.39,,33,116,4.32,6.95,,632,6,0.05,8.3,0.069,1
2012,Darrell Scott,South Florida,RB,72.125,231,8.25,32,,4.68,,31.5,,,,,291,4.8,0.023,11,0.036,0
2012,Davin Meggett,Maryland,RB,68.25,211,9.5,30.13,,4.5,23,35,118,4.32,7.14,11.53,531,5,0.037,9.9,0.043,0
2012,Jewel Hampton,Southern Illinois,RB,68.625,218,9.63,31,,4.56,26,,,,,,121,4.9,0.068,2,0.333,0
2012,Lennon Creer,Louisiana Tech,RB,71.375,219,9.25,31.5,,4.67,21,33.5,110,4.4,7.26,,567,5.1,0.046,6.2,0.021,0
2012,Marc Tyler,USC,RB,70.625,219,9.5,32,,4.7,19,30.5,110,,,,363,5.2,0.045,8.4,0.069,0
2012,Mike Ball,Nevada,RB,68.5,206,9.13,31,,4.54,21,36,112,4.23,7.1,11.84,219,6,0.061,5,0.174,0
2012,Tauren Poole,Tennessee,RB,70,205,8,29.75,,4.48,24,34,118,4.19,7.36,,468,4.5,0.038,7.6,0.022,0
2012,Michael Smith,Utah St.,RB,68.5,207,,,,4.36,,,,,,,222,7.1,0.082,11.2,0.105,0
2012,Terrance Ganaway,Baylor,RB,71.5,239,9.25,31.63,,4.61,,37.5,119,4.25,7.15,11.65,485,5.5,0.072,11.1,0.083,0
2013,Le'Veon Bell,Michigan St.,RB,73.375,230,9.58,,,4.6,24,31.5,118,4.24,6.75,,749,5,0.049,6.8,0.013,45
2013,Eddie Lacy,Alabama,RB,71,220,9.48,31,17,4.55,,,,,,,390,6.8,0.085,9.7,0.057,36
2013,Giovani Bernard,North Carolina,RB,68.375,202,9.38,28,25,4.53,19,33.5,122,4.12,6.91,11.41,515,5.9,0.059,9.3,0.065,31
2013,Latavius Murray,Central Florida,RB,74.625,223,,,,,,,,,,,503,5.4,0.082,10.5,0.12,19
2013,C.J. Anderson,California,RB,68.125,224,9.08,30,,4.6,17,32,119,4.12,7.15,,220,5.7,0.061,15.9,0.091,18
2013,Andre Ellington,Clemson,RB,69.25,199,9.38,31,,4.61,,34,122,,,,680,5.5,0.053,8.6,0.034,16
2013,Theo Riddick,Notre Dame,RB,70.125,201,8.68,30,,4.68,,32,118,,,,364,4.8,0.02,10.5,0.067,16
2013,Spencer Ware,LSU,RB,70.125,228,,,,,,,,,,,334,4.2,0.034,10.4,0.051,13
2013,Zac Stacy,Vanderbilt,RB,68.375,216,8.58,30.25,,4.55,27,33,122,4.17,6.7,,627,5.4,0.052,9,0,11
2013,Knile Davis,Arkansas,RB,71.375,227,8.58,29.75,,4.37,31,33.5,121,4.38,6.96,,381,5.3,0.054,9.3,0.063,10
2013,Christine Michael,Texas A&M,RB,70,220,9.38,31.5,11,4.54,27,43,125,4.02,6.69,11.56,573,5.3,0.064,7.3,0.023,9
2013,Chris Thompson,Florida St.,RB,67.125,192,9.28,30.25,,4.42,21,,,,,,322,6.3,0.051,9.6,0.022,8
2013,Montee Ball,Wisconsin,RB,70.5,214,9.08,32.63,,4.66,15,32,118,4.4,6.88,,983,5.6,0.083,10.1,0.102,8
2013,Joseph Randle,Oklahoma St.,RB,72,204,8.68,31.75,,4.63,,35,123,,,,672,5.5,0.071,8.5,0.028,7
2013,Mike Gillislee,Florida,RB,71.125,208,9.38,31.13,,4.55,15,30.5,119,4.4,7.12,12.02,412,5.3,0.051,7.9,0.087,6
2013,Rex Burkhead,Nebraska,RB,70.25,214,9.68,30.88,,4.73,21,39,125,4.09,6.85,11.51,695,5.2,0.047,8.5,0.083,5
2013,Kerwynn Williams,Utah St.,RB,68.125,196,9.18,29.75,,4.48,17,35,118,4.15,7.15,12.04,446,6.6,0.058,13.6,0.078,3
2013,Stepfan Taylor,Stanford,RB,69.125,214,8.58,30.13,,4.76,17,30,110,4.5,7.13,12.06,940,5.1,0.047,8,0.052,3
2013,Kenjon Barner,Oregon,RB,69.25,196,9.18,29.63,,4.52,20,35.5,122,4.2,6.87,11.33,636,6.2,0.07,10.9,0.13,2
2013,Mike James,Miami (FL),RB,70.5,223,9.68,31.63,,4.53,28,35,115,4.62,,,371,4.4,0.056,8.7,0.075,2
2013,Dennis Johnson,Arkansas,RB,66.75,196,,,,,,,,,,,408,5.9,0.038,8.1,0.063,1
2013,Johnathan Franklin,UCLA,RB,70,205,9.38,30,,4.49,18,31.5,115,4.31,6.89,11.33,846,5.6,0.039,8.9,0.052,1
2013,Cierre Wood,Notre Dame,RB,71.25,213,8.58,30.88,,4.56,16,37.5,124,,,,502,5.4,0.036,7.4,0.038,0
2013,D.J. Harper,Boise St.,RB,69.125,211,10.28,31,,4.52,23,33.5,120,4.35,7.07,11.85,601,5.1,0.071,7.3,0.037,0
2013,George Winn,Cincinnati,RB,70.5,218,9.78,30.88,,4.75,22,34.5,119,,,,340,5.3,0.047,8.4,0,0
2013,Matthew Tucker,TCU,RB,72.375,221,9.28,30.25,,4.55,17,35.5,118,,,,523,5.3,0.067,9,0.034,0
2013,Michael Ford,LSU,RB,69.5,210,9.08,30.38,,4.5,25,38.5,130,4.25,6.87,11.43,251,5.7,0.053,8.6,0.125,0
2013,Montel Harris,Temple,RB,68.25,208,9.38,30.5,,4.68,19,32.5,113,4.18,6.95,,1032,4.9,0.04,7.9,0.051,0
2013,Onterio McCalebb,Auburn,RB,70.25,168,9.08,31,,4.34,,34,121,,,,469,6.4,0.059,9.8,0.048,0
2013,Ray Graham,Pittsburgh,RB,69.125,199,9.58,30.25,,4.8,18,32.5,112,4.21,7.17,11.63,693,5.5,0.054,8.2,0.041,0
2013,Robbie Rouse,Fresno St.,RB,65.75,190,9.28,28.38,,4.8,15,34,114,4.25,6.97,11.56,1008,5.2,0.041,7.2,0.045,0
2013,Stefphon Jefferson,Nevada,RB,70.5,213,9.18,30.25,,4.68,15,31,117,4.44,6.97,11.8,477,5.2,0.067,7.5,0.034,0
2013,Jawan Jamison,Rutgers,RB,67.375,203,8.38,29,,4.68,20,29,110,,,,522,4.1,0.027,10.7,0.056,0
2013,Marcus Lattimore,South Carolina,RB,71.25,219,,,18,4.65,,,,,,,629,4.8,0.068,10.4,0.041,0
2013,Michael Cox,Massachusetts,RB,71.75,222,,,,,,,,,,,231,4.1,0.032,5.3,0,0
2014,Devonta Freeman,Florida St.,RB,68.25,206,9.63,29.38,,4.58,,31.5,116,4.26,7.11,,451,5.6,0.074,10.1,0.021,39
2014,Jeremy Hill,LSU,RB,72.625,233,10.38,32.63,,4.56,20,29,112,,,,371,6.2,0.081,9.8,0,22
2014,Jerick McKinnon,Georgia Southern,RB,68.875,209,8.63,30.25,,4.41,32,40.5,132,4.12,6.83,,0,,,,,22
2014,Isaiah Crowell,Alabama St.,RB,71,224,9.25,31.38,,4.57,23,38,116,,,,193,4.6,0.027,7.4,0.125,20
2014,Carlos Hyde,Ohio St.,RB,71.875,230,9.63,32,9,4.62,19,34.5,113,,,,557,6.1,0.071,8,0.118,20
2014,James White,Wisconsin,RB,69.125,204,8.25,29.25,,4.57,23,32,113,4.2,7.05,11.76,716,6.2,0.07,9.2,0.041,19
2014,Alfred Blue,LSU,RB,74.375,223,9.88,32.38,,4.63,13,32,121,4.5,7.15,,225,6,0.053,6.6,0,14
2014,Charles Sims,West Virginia,RB,72,214,8.25,31,,4.48,17,37.5,125,4.3,7.16,,795,5.9,0.068,10.4,0.054,14
2014,Terrance West,Towson,RB,69.25,225,9.13,31,,4.56,16,33.5,120,,,,0,,,,,12
2014,Damien Williams,Oklahoma,RB,71.25,222,9.13,30.63,,4.45,16,35.5,121,4.25,7.37,11.76,333,5.2,0.062,9.5,0.023,8
2014,Andre Williams,Boston Col.,RB,71.375,230,,,,4.56,,38,128,4.06,7.27,,714,5.3,0.04,6,0,7
2014,Tre Mason,Auburn,RB,68.5,207,9,30,,4.5,,38.5,125,4.15,,,535,5.8,0.062,13.1,0.053,7
2014,DeAnthony Thomas,Oregon,RB,68.625,174,8.13,29.88,,4.5,8,32,123,,,,356,7.8,0.107,11.5,0.133,6
2014,Bishop Sankey,Washington,RB,69.5,209,10,31,,4.49,26,35.5,125,4,6.75,,711,5.4,0.057,8.5,0.015,6
2014,Antonio Andrews,Western Kentucky,RB,70.125,225,9.5,31.25,,4.82,20,29.5,104,4.49,7.24,,703,5.9,0.047,11.3,0.035,4
2014,KaDeem Carey,Arizona,RB,69.375,207,9.5,31.75,,4.7,19,32.5,114,4.38,7.08,,820,5.7,0.065,8.8,0.052,3
2014,Lorenzo Taliaferro,Coastal Carolina,RB,72.25,229,8.38,32,,4.58,18,33,116,4.22,6.88,,0,,,,,3
2014,Kapri Bibbs,Colorado St.,RB,69.375,212,8.5,31.38,,4.67,24,29,104,,,,289,6.2,0.11,7.4,0,2
2014,Silas Redd,USC,RB,69.75,212,9,30.75,,4.7,18,37,122,,,,601,5.2,0.033,7,0.063,1
2014,David Fluellen,Toledo,RB,71.125,224,9.13,33.38,,4.72,,36.5,120,,6.9,,641,5.9,0.05,8.3,0.025,0
2014,George Atkinson,Notre Dame,RB,73.375,218,9.38,33.25,,4.48,19,38,128,4.46,7.07,11.5,163,6.2,0.065,6.5,0,0
2014,Henry Josey,Missouri,RB,68.125,194,9.5,30.25,,4.43,20,34.5,116,4.13,7.07,11.67,419,7,0.076,7.3,0.042,0
2014,James Wilder,Florida St.,RB,74.63,232,9.75,32,,4.86,18,35,121,4.24,6.92,12.03,250,6,0.088,7.6,0.083,0
2014,Josh Harris,Wake Forest,RB,69.875,206,,,,,,,,,,,536,4.6,0.039,6.5,0,0
2014,LaDarius Perkins,Mississippi St.,RB,67.375,195,9.63,31,,4.46,23,35.5,123,4.3,7.08,,598,4.8,0.028,10.5,0.147,0
2014,Rajion Neal,Tennessee,RB,71.125,220,,,,,,,,,,,510,4.9,0.043,9.5,0.076,0
2014,Tim Cornett,UNLV,RB,72.25,209,9.25,31,,4.48,,34.5,124,4.26,7.01,11.72,836,4.9,0.046,6.3,0.03,0
2014,Tim Flanders,Sam Houston St.,RB,68.625,207,,,,4.75,20,32,112,,7.07,,0,,,,,0
2014,Lache Seastrunk,Baylor,RB,69.5,201,9.25,30,,4.51,15,41.5,134,,,,298,7.6,0.062,11.9,0.111,0
2014,Marion Grice,Arizona St.,RB,72,208,,,,,,,,,,,385,5.7,0.085,9.5,0.154,0
2014,Storm Johnson,Central Florida,RB,71.625,209,9.5,32,,4.6,16,35.5,116,,,,376,5.3,0.057,7,0.073,0
2014,Tyler Gaffney,Stanford,RB,71.5,220,9,30.25,,4.49,,36.5,115,4.18,6.78,11.36,518,5.1,0.068,8.3,0.125,0
2015,Todd Gurley,Georgia,RB,72.625,222,10,31.5,12,4.52,17,,,,,,575,6.4,0.071,9.5,0.092,47
2015,Melvin Gordon,Wisconsin,RB,72.625,215,9.75,32.38,20,4.52,19,35,126,4.07,7.04,11,653,7.8,0.071,10.4,0.182,36
2015,David Johnson,Northern Iowa,RB,72.625,224,9.63,31.25,,4.5,25,41.5,127,4.27,6.82,,0,,,,,31
2015,Tevin Coleman,Indiana,RB,71.375,206,8.63,32,,4.59,22,,,,,,506,7.1,0.062,7.1,0,27
2015,Duke Johnson,Miami (FL),RB,69.125,207,9.25,30.38,,4.54,,33.5,121,,,,595,6.7,0.049,10.4,0.058,20
2015,Jay Ajayi,Boise St.,RB,71.75,221,10,32,24,4.57,19,39,121,4.1,7.1,11.1,751,5.6,0.074,10.6,0.068,20
2015,T.J. Yeldon,Alabama,RB,73.25,226,9,31.63,,4.61,22,36,117,4.22,7.19,,622,5.8,0.064,10.7,0.043,20
2015,Javorius Allen,USC,RB,72.5,221,9.38,31.75,12,4.53,11,35.5,121,4.28,6.96,,480,5.5,0.06,11.3,0.032,14
2015,Thomas Rawls,Central Michigan,RB,69,215,9.5,30.75,,4.65,15,35.5,116,,,,294,5.1,0.053,9,0,12
2015,Ameer Abdullah,Nebraska,RB,68.75,205,8.63,30,,4.6,24,42.5,130,3.95,6.79,11.18,886,5.6,0.048,9.5,0.096,11
2015,Matt Jones,Florida,RB,74.375,231,8.63,32,,4.61,20,31.5,112,4.2,,,316,4.8,0.037,5.3,0.053,10
2015,Mike Davis,South Carolina,RB,69.125,217,9.38,30.25,,4.61,17,34,116,4.18,7,11.65,524,5.4,0.048,10.8,0.029,10
2015,Jeremy Langford,Michigan St.,RB,71.625,208,8.75,31.5,,4.42,,34.5,118,4.32,7.22,,616,5.1,0.069,5.6,0.026,8
2015,Cameron Artis-Payne,Auburn,RB,69.75,212,8.88,29.63,,4.53,,36.5,118,,7.13,,408,5.6,0.048,10.8,0,5
2015,Corey Grant,Auburn,RB,68.875,201,,,,4.28,,,,,,,149,7.7,0.067,7.1,0.071,4
2015,Malcolm Brown,Texas,RB,71.375,224,10.25,32.75,,4.62,19,34.5,117,4.15,6.86,11.32,681,4.3,0.038,7.5,0.059,4
2015,Karlos Williams,Florida St.,RB,72.75,230,9.75,33,,4.48,16,33.5,117,4.46,7.16,,278,5.9,0.091,8.9,0.027,4
2015,Terron Ward,Oregon St.,RB,65.875,197,,,,4.49,,,,,,,464,4.9,0.058,7.6,0.034,3
2015,Akeem Hunt,Purdue,RB,69.75,189,,,,4.38,,,,,,,471,5.5,0.03,8.4,0.06,2
2015,Raheem Mostert,Purdue,RB,70.375,190,,,,4.34,,,,,,,155,5.6,0.044,6.4,0,2
2015,Marcus Murphy,Missouri,RB,68.625,193,8.63,31,,4.61,11,29,109,4.4,,,387,5.8,0.047,6.4,0.04,2
2015,David Cobb,Minnesota,RB,70.875,229,9.38,31.63,,4.59,17,38.5,121,,,,597,5.1,0.036,10,0,1
2015,Alonzo Harris,Louisiana,RB,73,243,,,,4.56,,,,,,,733,4.7,0.063,8.1,0.034,0
2015,B.J. Catalon,TCU,RB,67.375,186,9,30,,4.57,,36,114,4.15,6.9,,376,5,0.049,8.2,0.042,0
2015,Bill Belton,Penn St.,RB,68.875,204,,,,4.55,,,,,,,406,4.7,0.039,8,0.078,0
2015,Brandon Wegher,Morningside (IA),RB,70.375,214,,,,4.52,,,,,,,175,4,0.049,8.6,0,0
2015,Braylon Heard,Kentucky,RB,69.625,198,9,30.25,,4.63,19,30.5,116,4.4,7.19,,174,5.6,0.054,5.1,0,0
2015,Dee Hart,Colorado St.,RB,67.5,199,9,29.75,,4.8,,33,113,4.38,7.2,,257,6.1,0.072,10.4,0.1,0
2015,Dominique Brown,Louisville,RB,73.875,234,9.5,32.38,,4.62,17,,,,,,469,4.3,0.038,8.9,0.04,0
2015,Dreamius Smith,West Virginia,RB,70.625,217,,,,4.59,,,,,,,196,5.2,0.055,4,0,0
2015,Jahwan Edwards,Ball St.,RB,69.5,220,8.88,31.63,,4.8,16,35.5,117,4.5,7.63,12.4,941,5.2,0.058,6.3,0,0
2015,Jawon Chisholm,Akron,RB,72.75,202,,,,4.63,,,,,,,786,4.9,0.037,8,0.035,0
2015,Jesse Callier,Washington,RB,70.25,202,,,,4.53,,,,,,,227,5.2,0.026,6.2,0,0
2015,Joe Bergeron,Texas A&M-Commerce,RB,72.125,235,,,,4.62,,,,,,,293,5.1,0.092,9.5,0,0
2015,Joe Hill,Utah St.,RB,70.375,183,,,,4.3,,,,,,,253,4.8,0.059,14.1,0.125,0
2015,John Crockett,North Dakota St.,RB,71.75,217,9.75,31,,4.62,15,40,125,4.25,7.15,,0,,,,,0
2015,Jordon James,UCLA,RB,68.5,194,,,,4.43,,,,,,,294,4.4,0.038,8.5,0.018,0
2015,Kenny Williams,Texas Tech,RB,69.375,225,,,,4.58,,,,,,,382,4.8,0.05,10.5,0.067,0
2015,Keshawn Hill,Sam Houston St.,RB,69.75,211,,,,4.59,,,,,,,0,,,,,0
2015,Kevin Parks,Virginia,RB,66.75,201,,,,4.53,,,,,,,831,4.4,0.04,7.6,0.039,0
2015,Lyle McCombs,Rhode Island,RB,67.75,171,,,,4.57,,,,,,,740,4,0.027,7.6,0.048,0
2015,Malcolm Agnew,Southern Illinois,RB,69.125,202,,,,4.59,,,,,,,156,4.6,0.039,4,0.25,0
2015,Marlin Lane,Tennessee,RB,71.625,210,,,,4.59,,,,,,,448,4.6,0.024,7.8,0.03,0
2015,Michael Dyer,Louisville,RB,68.5,218,9.5,30.63,,4.58,26,34,120,,,,586,5.3,0.038,8,0,0
2015,Nick Hill,Michigan St.,RB,65.75,197,,,,4.4,,,,,,,232,5,0.049,10,0,0
2015,Synjyn Days,Georgia Tech,RB,72.625,232,,,,4.67,,,,,,,262,5.5,0.071,11.6,0.143,0
2015,Terrell Watson,Azusa Pacific (CA),RB,72.625,239,,,,4.59,,,,,,,0,,,,,0
2015,Terrence Magee,LSU,RB,68.5,213,9,30,,4.57,22,37,115,4.37,7.52,,250,5.9,0.053,9.5,0,0
2015,Terris Jones-Grigsby,Arizona,RB,66.875,198,,,,4.56,,,,,,,136,4.7,0.025,12.5,0,0
2015,Tony Creecy,North Carolina St.,RB,70.375,215,,,,4.56,,,,,,,399,3.9,0.028,5.7,0.08,0
2015,Trey Williams,Texas A&M,RB,67.5,195,8.25,29.88,,4.49,18,33.5,119,4.12,6.84,11.45,242,6.6,0.088,8.7,0.026,0
2015,Venric Mark,West Texas A&M,RB,66.75,175,,,,4.38,,,,,,,311,5.8,0.046,6.4,0.032,0
2015,Josh Robinson,Mississippi St.,RB,67.875,217,10.13,29.75,,4.7,21,32,113,,,,366,6.2,0.046,11.5,0.023,0
2015,Kenny Hilliard,LSU,RB,71.625,226,9.25,31.25,,4.83,,27,111,4.4,7.17,,313,5.2,0.089,6.3,0.091,0
2016,Ezekiel Elliott,Ohio St.,RB,71.75,225,10.25,31.25,,4.47,,32.5,118,,,,650,6.7,0.073,7.7,0.017,52
2016,Derrick Henry,Alabama,RB,74.625,247,8.75,33,,4.54,22,37,130,4.38,7.2,11.5,619,6,0.07,16.8,0.176,29
2016,Jordan Howard,Indiana,RB,71.875,230,9,32.25,,,16,34,122,,,,671,5.7,0.037,10.9,0.125,26
2016,Kenyan Drake,Alabama,RB,72.625,210,9.75,31.75,,4.45,10,34.5,123,4.21,7.04,,279,6.4,0.077,12.4,0.087,23
2016,Alex Collins,Arkansas,RB,70,217,9.25,30.25,,4.59,18,28.5,113,,,,692,5.6,0.054,6.2,0,14
2016,Peyton Barber,Auburn,RB,70,228,9.38,30.25,,4.64,20,32.5,111,4.21,7,11.65,259,4.3,0.052,10.2,0,13
2016,DeAndre Washington,Texas Tech,RB,68.25,204,9,30,,4.49,24,34.5,116,4.2,7.03,11.63,729,5.6,0.038,8.8,0.032,12
2016,Devontae Booker,Utah,RB,70.75,219,8.63,31.63,,,22,,,,,,640,5,0.038,7.8,0.025,12
2016,Wendell Smallwood,West Virginia,RB,70.5,208,9.25,30.5,,4.47,14,33.5,120,4.28,6.83,11.14,493,5.8,0.028,9.1,0,10
2016,C.J. Prosise,Notre Dame,RB,72.5,220,8.5,32.13,,4.48,,35.5,121,,,,229,6.9,0.072,14.5,0.048,5
2016,Kenneth Dixon,Louisiana Tech,RB,70.125,215,9.5,31.38,,4.56,18,37.5,121,4.28,6.97,11.5,889,5.6,0.09,11.1,0.172,5
2016,Paul Perkins,UCLA,RB,70.375,208,9,31.63,,4.54,19,32,124,,,,701,5.6,0.047,9.2,0.038,5
2016,Dwayne Washington,Washington,RB,73,223,,,,,,,,,,,267,5.8,0.075,10,0.098,4
2016,Jonathan Williams,Arkansas,RB,70.75,220,10,31.63,,,16,,,,,,432,5.7,0.039,13.3,0.231,3
2016,Andy Janovich,Nebraska,RB,73,238,9.75,31.63,,4.81,30,34,119,4.32,7.28,11.95,50,6,0.067,17.4,0,2
2016,Dan Vitale,Northwestern,RB,72.875,239,9.75,31.75,,4.6,30,38.5,123,4.12,7.12,11.36,141,4.8,0,10.6,0.081,1
2016,Josh Ferguson,Illinois,RB,69.5,198,9,30,,4.48,21,34.5,120,,,,673,5.1,0.036,9,0.048,1
2016,Tre Madden,USC,RB,72.25,223,9.38,29.75,,,24,,,,,,255,5.2,0.036,10.4,0.156,1
2016,Aaron Green,TCU,RB,70.875,203,,,,,,,,,,,509,5.4,0.047,8.3,0.125,0
2016,Brandon Johnson,Penn St.,RB,74,228,,,,,,,,,,,4,5.8,0,,,0
2016,Brandon Wilds,South Carolina,RB,72.75,220,,,,4.54,21,36.5,118,4.33,7.08,,438,4.9,0.034,9.2,0.051,0
2016,Christian Powell,Colorado,RB,71.25,229,,,,,,,,,,,494,4.4,0.039,6.9,0,0
2016,Devon Johnson,Marshall,RB,72.5,238,9.25,31.25,,,,,,,,,332,7.8,0.082,15.7,0.222,0
2016,Glenn Gronkowski,Kansas St.,RB,74.125,239,9.5,30.75,,4.71,17,33,120,4.45,7.1,11.95,31,3.2,0.063,24.6,0.333,0
2016,J.C. Coleman,Virginia Tech,RB,66,189,,,,,,,,,,,386,4.4,0.02,6.1,0.026,0
2016,Jaylen Walton,Mississippi,RB,68,176,,,,,,,,,,,458,5.1,0.044,10.1,0.068,0
2016,Jhurell Pressley,New Mexico,RB,70.125,206,,,,,,,,,,,412,6.9,0.089,12.2,0.056,0
2016,Johnathan Gray,Texas,RB,69.625,215,,,,,,,,,,,629,4.5,0.029,8,0.019,0
2016,Marshaun Coprich,Illinois St.,RB,68,207,9,29.63,,4.47,17,34,112,4.58,7.26,12.09,0,,,,,0
2016,Quayvon Hicks,Georgia,RB,72.875,259,9.63,31.25,,,,,,,,,35,7.2,0.13,11,0,0
2016,Rodrick Williams,Minnesota,RB,69.125,224,,,,,,,,,,,184,4.7,0.052,10.3,0,0
2016,Russell Hansbrough,Missouri,RB,67.875,192,,,,,,,,,,,497,5,0.032,4.3,0,0
2016,Shadrach Thornton,North Carolina St.,RB,71.625,217,,,,4.75,12,31,116,4.21,6.85,,574,5,0.037,8.3,0.033,0
2016,Shaquille Powell,Duke,RB,69.125,210,,,,,,,,,,,410,4.6,0.02,7.4,0.065,0
2016,Soma Vainuku,USC,RB,71.5,246,9.5,32.75,,4.68,26,32,108,,,,41,6.2,0.125,7.3,0.059,0
2016,Tra Carson,Texas A&M,RB,71.25,227,9.25,31.5,,,19,,,,,,515,4.9,0.042,7.3,0.024,0
2016,Daniel Lasco,California,RB,72.25,209,9.13,32,,4.46,23,41.5,135,4.26,7.22,11.31,396,5.4,0.052,9.5,0.042,0
2016,Darius Jackson,East. Michigan,RB,72,220,,,,,,,,,,,365,5,0.053,8.5,0.091,0
2016,Keenan Reynolds,Navy,RB,69.5,190,,,,,,,,,,,978,4.7,0.09,47,0,0
2016,Keith Marshall,Georgia,RB,71.375,219,9.38,31.63,,4.31,25,30.5,,,,,277,5.5,0.047,9.4,0.125,0
2016,Kelvin Taylor,Florida,RB,70.25,207,8.25,29.25,,4.6,15,32,113,,,,510,4.3,0.047,7.5,0,0
2016,Tyler Ervin,San Jose St.,RB,69.875,192,9.13,29.75,,4.41,17,39,130,,,,615,5.3,0.036,9,0.046,0
2016,Zac Brooks,Clemson,RB,71.875,199,,,,,,,,,,,133,5.2,0.043,11.6,0.176,0
